course,unit,objective_id,statement,lead_verb,reference_status,reference_levels,assigned_level,assigned_level_name,alignment,compound_action,rationale
M12,M12-REV,M12-REV-001,I can evaluate numerical expressions using the order of operations.,evaluate,unique,5. Evaluating,3,Applying,context-adjusted,no,uses evaluate in the mathematical sense of compute or substitute
M12,M12-REV,M12-REV-002,I can perform operations with signed integers and fractions.,perform,not listed,not listed,3,Applying,context-inferred,no,carries out a mathematical procedure in a stated type of situation
M12,M12-REV,M12-REV-003,I can simplify an algebraic expression by combining like terms.,simplify,unique,4. Analyzing,3,Applying,context-adjusted,no,carries out a mathematical procedure in a stated type of situation
M12,M12-REV,M12-REV-004,I can use the distributive property to rewrite an expression.,use,not listed,not listed,3,Applying,context-inferred,no,carries out a mathematical procedure in a stated type of situation
M12,M12-REV,M12-REV-005,I can determine the prime factorization of a whole number.,determine,unique,5. Evaluating,3,Applying,context-adjusted,no,carries out a mathematical procedure in a stated type of situation
M12,M12-EQN,M12-EQN-001,I can solve a linear equation and present equivalent steps clearly.,solve,ambiguous,3. Applying; 6. Creating,3,Applying,source-consistent,yes,carries out a mathematical procedure in a stated type of situation
M12,M12-EQN,M12-EQN-002,I can solve a linear equation containing fractions.,solve,ambiguous,3. Applying; 6. Creating,3,Applying,source-consistent,no,carries out a mathematical procedure in a stated type of situation
M12,M12-EQN,M12-EQN-003,I can rearrange a formula to isolate a specified variable.,rearrange,not listed,not listed,3,Applying,context-inferred,no,carries out a mathematical procedure in a stated type of situation
M12,M12-EQN,M12-EQN-004,I can translate a verbal relationship into a linear equation.,translate,unique,2. Understanding,2,Understanding,source-consistent,no,"demonstrates meaning, classification, or relationships among representations"
M12,M12-EQN,M12-EQN-005,"I can solve and interpret a number, mixture, or motion problem using a linear equation.",solve,ambiguous,3. Applying; 6. Creating,3,Applying,source-consistent,yes,carries out a mathematical procedure in a stated type of situation
M12,M12-INE,M12-INE-001,I can solve and graph a one-variable linear inequality.,solve,ambiguous,3. Applying; 6. Creating,3,Applying,source-consistent,yes,carries out a mathematical procedure in a stated type of situation
M12,M12-INE,M12-INE-002,I can solve a compound inequality involving AND.,solve,ambiguous,3. Applying; 6. Creating,3,Applying,source-consistent,no,carries out a mathematical procedure in a stated type of situation
M12,M12-INE,M12-INE-003,I can solve a compound inequality involving OR.,solve,ambiguous,3. Applying; 6. Creating,3,Applying,source-consistent,no,carries out a mathematical procedure in a stated type of situation
M12,M12-INE,M12-INE-004,I can express an inequality solution using interval notation.,express,not listed,not listed,3,Applying,context-inferred,no,converts or records a mathematical result in a required form
M12,M12-INE,M12-INE-005,I can solve an absolute-value equation and check its solutions.,solve,ambiguous,3. Applying; 6. Creating,3,Applying,source-consistent,yes,carries out a mathematical procedure in a stated type of situation
M12,M12-LIN,M12-LIN-001,I can determine and interpret the slope of a line.,determine,unique,5. Evaluating,3,Applying,context-adjusted,yes,carries out a mathematical procedure in a stated type of situation
M12,M12-LIN,M12-LIN-002,I can graph a line from an equation in a common form.,graph,not listed,not listed,3,Applying,context-inferred,no,carries out a mathematical procedure in a stated type of situation
M12,M12-LIN,M12-LIN-003,I can write an equation of a line from given information.,write,not listed,not listed,3,Applying,context-inferred,no,carries out a mathematical procedure in a stated type of situation
M12,M12-LIN,M12-LIN-004,"I can determine whether two lines are parallel, perpendicular, or neither.",determine,unique,5. Evaluating,4,Analyzing,context-adjusted,no,examines conditions or structure before reaching a conclusion
M12,M12-LIN,M12-LIN-005,I can evaluate a function using function notation.,evaluate,unique,5. Evaluating,3,Applying,context-adjusted,no,uses evaluate in the mathematical sense of compute or substitute
M12,M12-LIN,M12-LIN-006,I can determine whether a relation is a function using the vertical line test or input-output data.,determine,unique,5. Evaluating,4,Analyzing,context-adjusted,no,examines conditions or structure before reaching a conclusion
M12,M12-LIN,M12-LIN-008,I can determine domain and range from a graph or table.,determine,unique,5. Evaluating,3,Applying,context-adjusted,no,carries out a mathematical procedure in a stated type of situation
M12,M12-LIN,M12-LIN-009,I can interpret domain and range in context.,interpret,ambiguous,2. Understanding; 5. Evaluating,2,Understanding,source-consistent,no,"demonstrates meaning, classification, or relationships among representations"
M12,M12-SYS,M12-SYS-001,I can interpret the solution of a linear system as an intersection point.,interpret,ambiguous,2. Understanding; 5. Evaluating,2,Understanding,source-consistent,no,"demonstrates meaning, classification, or relationships among representations"
M12,M12-SYS,M12-SYS-002,I can solve a two-variable linear system by graphing.,solve,ambiguous,3. Applying; 6. Creating,3,Applying,source-consistent,no,carries out a mathematical procedure in a stated type of situation
M12,M12-SYS,M12-SYS-003,I can solve a two-variable linear system by substitution.,solve,ambiguous,3. Applying; 6. Creating,3,Applying,source-consistent,no,carries out a mathematical procedure in a stated type of situation
M12,M12-SYS,M12-SYS-004,I can solve a two-variable linear system by elimination.,solve,ambiguous,3. Applying; 6. Creating,3,Applying,source-consistent,no,carries out a mathematical procedure in a stated type of situation
M12,M12-SYS,M12-SYS-005,I can create and solve a two-variable linear system for an application.,create,unique,6. Creating,6,Creating,source-consistent,yes,produces a model or representation for a stated situation
M12,M12-POL,M12-POL-001,I can simplify expressions using integer exponent rules.,simplify,unique,4. Analyzing,3,Applying,context-adjusted,no,carries out a mathematical procedure in a stated type of situation
M12,M12-POL,M12-POL-002,I can add and subtract polynomials.,add,not listed,not listed,3,Applying,context-inferred,yes,carries out a mathematical procedure in a stated type of situation
M12,M12-POL,M12-POL-003,"I can multiply polynomials, including binomials.",multiply,not listed,not listed,3,Applying,context-inferred,no,carries out a mathematical procedure in a stated type of situation
M12,M12-POL,M12-POL-004,I can divide a polynomial by a monomial.,divide,unique,4. Analyzing,3,Applying,context-adjusted,no,carries out a mathematical procedure in a stated type of situation
M12,M12-POL,M12-POL-005,I can factor a greatest common factor from a polynomial.,factor,not listed,not listed,3,Applying,context-inferred,no,carries out a mathematical procedure in a stated type of situation
M12,M12-EXT,M12-EXT-001,I can solve and graph an absolute-value inequality.,solve,ambiguous,3. Applying; 6. Creating,3,Applying,source-consistent,yes,carries out a mathematical procedure in a stated type of situation
M12,M12-EXT,M12-EXT-002,I can graph a system of linear inequalities and identify its solution region.,graph,not listed,not listed,3,Applying,context-inferred,yes,carries out a mathematical procedure in a stated type of situation
M12,M12-EXT,M12-EXT-003,I can factor a quadratic trinomial.,factor,not listed,not listed,3,Applying,context-inferred,no,carries out a mathematical procedure in a stated type of situation
M12,M12-EXT,M12-EXT-004,I can identify a relationship as discrete or continuous.,identify,unique,3. Applying,2,Understanding,context-adjusted,no,"demonstrates meaning, classification, or relationships among representations"
M21,M21-REV,M21-REV-001,I can determine and interpret the slope of a line.,determine,unique,5. Evaluating,3,Applying,context-adjusted,yes,carries out a mathematical procedure in a stated type of situation
M21,M21-REV,M21-REV-002,I can graph a line from an equation and write an equation from given information.,graph,not listed,not listed,3,Applying,context-inferred,yes,carries out a mathematical procedure in a stated type of situation
M21,M21-REV,M21-REV-003,I can apply a linear function to a context.,apply,unique,3. Applying,3,Applying,source-consistent,no,carries out a mathematical procedure in a stated type of situation
M21,M21-REV,M21-REV-004,I can identify the solution of a linear system as an intersection point.,identify,unique,3. Applying,2,Understanding,context-adjusted,no,"demonstrates meaning, classification, or relationships among representations"
M21,M21-REV,M21-REV-005,I can solve a simple two-variable linear system using an appropriate method.,solve,ambiguous,3. Applying; 6. Creating,3,Applying,source-consistent,no,carries out a mathematical procedure in a stated type of situation
M21,M21-REV,M21-REV-006,I can simplify an expression using basic positive-integer exponent rules.,simplify,unique,4. Analyzing,3,Applying,context-adjusted,no,carries out a mathematical procedure in a stated type of situation
M21,M21-FUN,M21-FUN-001,"I can evaluate a function from a formula, graph, or table.",evaluate,unique,5. Evaluating,3,Applying,context-adjusted,no,uses evaluate in the mathematical sense of compute or substitute
M21,M21-FUN,M21-FUN-002,I can determine whether a relation is a function.,determine,unique,5. Evaluating,4,Analyzing,context-adjusted,no,examines conditions or structure before reaching a conclusion
M21,M21-FUN,M21-FUN-003,I can determine domain and range from a graph or table.,determine,unique,5. Evaluating,3,Applying,context-adjusted,no,carries out a mathematical procedure in a stated type of situation
M21,M21-FUN,M21-FUN-004,I can solve for an input that produces a specified output.,solve,ambiguous,3. Applying; 6. Creating,3,Applying,source-consistent,no,carries out a mathematical procedure in a stated type of situation
M21,M21-FUN,M21-FUN-005,"I can interpret inputs, outputs, domain, and range in context.",interpret,ambiguous,2. Understanding; 5. Evaluating,2,Understanding,source-consistent,no,"demonstrates meaning, classification, or relationships among representations"
M21,M21-FUN,M21-FUN-006,I can calculate and interpret average rate of change.,calculate,not listed,not listed,3,Applying,context-inferred,yes,carries out a mathematical procedure in a stated type of situation
M21,M21-FUN,M21-FUN-007,"I can compare functions represented by formulas, graphs, or tables.",compare,ambiguous,2. Understanding; 4. Analyzing; 5. Evaluating,4,Analyzing,source-consistent,no,"examines relationships, features, or long-run behavior"
M21,M21-POL,M21-POL-001,I can add and subtract polynomials.,add,not listed,not listed,3,Applying,context-inferred,yes,carries out a mathematical procedure in a stated type of situation
M21,M21-POL,M21-POL-002,I can multiply polynomials.,multiply,not listed,not listed,3,Applying,context-inferred,no,carries out a mathematical procedure in a stated type of situation
M21,M21-POL,M21-POL-003,I can factor out a greatest common factor.,factor,not listed,not listed,3,Applying,context-inferred,no,carries out a mathematical procedure in a stated type of situation
M21,M21-POL,M21-POL-004,I can factor a quadratic trinomial.,factor,not listed,not listed,3,Applying,context-inferred,no,carries out a mathematical procedure in a stated type of situation
M21,M21-POL,M21-POL-005,I can factor a difference of squares and other required special cases.,factor,not listed,not listed,3,Applying,context-inferred,no,carries out a mathematical procedure in a stated type of situation
M21,M21-POL,M21-POL-006,I can use factoring to determine the zeros of a polynomial.,use,not listed,not listed,3,Applying,context-inferred,no,carries out a mathematical procedure in a stated type of situation
M21,M21-RAT,M21-RAT-001,I can state excluded values for a rational expression.,state,not listed,not listed,2,Understanding,context-inferred,no,"demonstrates meaning, classification, or relationships among representations"
M21,M21-RAT,M21-RAT-002,I can simplify a rational expression while preserving its restrictions.,simplify,unique,4. Analyzing,3,Applying,context-adjusted,no,carries out a mathematical procedure in a stated type of situation
M21,M21-RAT,M21-RAT-003,I can multiply and divide rational expressions.,multiply,not listed,not listed,3,Applying,context-inferred,yes,carries out a mathematical procedure in a stated type of situation
M21,M21-RAT,M21-RAT-004,I can add and subtract rational expressions using a common denominator.,add,not listed,not listed,3,Applying,context-inferred,yes,carries out a mathematical procedure in a stated type of situation
M21,M21-RAT,M21-RAT-005,I can solve a rational equation and reject extraneous solutions.,solve,ambiguous,3. Applying; 6. Creating,3,Applying,source-consistent,yes,carries out a mathematical procedure in a stated type of situation
M21,M21-EXP,M21-EXP-001,I can simplify expressions containing negative exponents.,simplify,unique,4. Analyzing,3,Applying,context-adjusted,no,carries out a mathematical procedure in a stated type of situation
M21,M21-EXP,M21-EXP-002,I can rewrite expressions between radical and rational-exponent forms.,rewrite,not listed,not listed,3,Applying,context-inferred,no,carries out a mathematical procedure in a stated type of situation
M21,M21-EXP,M21-EXP-003,I can simplify radical expressions.,simplify,unique,4. Analyzing,3,Applying,context-adjusted,no,carries out a mathematical procedure in a stated type of situation
M21,M21-EXP,M21-EXP-004,I can apply exponent rules to expressions with integer and rational exponents.,apply,unique,3. Applying,3,Applying,source-consistent,no,carries out a mathematical procedure in a stated type of situation
M21,M21-EXP,M21-EXP-005,I can solve a basic equation involving a radical or rational exponent and check for extraneous solutions.,solve,ambiguous,3. Applying; 6. Creating,3,Applying,source-consistent,yes,carries out a mathematical procedure in a stated type of situation
M21,M21-QUAD,M21-QUAD-001,I can identify key features of a quadratic function from its graph or equation.,identify,unique,3. Applying,2,Understanding,context-adjusted,no,"demonstrates meaning, classification, or relationships among representations"
M21,M21-QUAD,M21-QUAD-002,"I can connect standard, factored, and vertex forms to features of a parabola.",connect,not listed,not listed,4,Analyzing,context-inferred,no,examines or verifies relationships among representations and features
M21,M21-QUAD,M21-QUAD-003,I can solve a quadratic equation by factoring.,solve,ambiguous,3. Applying; 6. Creating,3,Applying,source-consistent,no,carries out a mathematical procedure in a stated type of situation
M21,M21-QUAD,M21-QUAD-004,I can solve a quadratic equation using the square-root property.,solve,ambiguous,3. Applying; 6. Creating,3,Applying,source-consistent,no,carries out a mathematical procedure in a stated type of situation
M21,M21-QUAD,M21-QUAD-005,I can solve a quadratic equation by completing the square.,solve,ambiguous,3. Applying; 6. Creating,3,Applying,source-consistent,no,carries out a mathematical procedure in a stated type of situation
M21,M21-QUAD,M21-QUAD-006,I can solve a quadratic equation using the quadratic formula.,solve,ambiguous,3. Applying; 6. Creating,3,Applying,source-consistent,no,carries out a mathematical procedure in a stated type of situation
M21,M21-QUAD,M21-QUAD-007,I can choose an efficient method for solving a quadratic equation.,choose,ambiguous,1. Remembering; 3. Applying; 5. Evaluating; 6. Creating,4,Analyzing,context-adjusted,no,selects a method by analyzing the givens and target
M21,M21-QUAD,M21-QUAD-008,"I can graph a quadratic function using its vertex, intercepts, and symmetry.",graph,not listed,not listed,3,Applying,context-inferred,no,carries out a mathematical procedure in a stated type of situation
M21,M21-QUAD,M21-QUAD-009,"I can create and interpret a quadratic model for a projectile, area, or optimization problem.",create,unique,6. Creating,6,Creating,source-consistent,yes,produces a model or representation for a stated situation
M21,M21-EXT,M21-EXT-001,I can perform basic arithmetic with complex numbers.,perform,not listed,not listed,3,Applying,context-inferred,no,carries out a mathematical procedure in a stated type of situation
M21,M21-EXT,M21-EXT-002,I can express the nonreal solutions of a quadratic equation using complex numbers.,express,not listed,not listed,3,Applying,context-inferred,no,converts or records a mathematical result in a required form
M22,M22-REV,M22-REV-001,I can solve a linear equation arising from a geometric relationship.,solve,ambiguous,3. Applying; 6. Creating,3,Applying,source-consistent,no,carries out a mathematical procedure in a stated type of situation
M22,M22-REV,M22-REV-002,I can solve a proportion and interpret the resulting scale factor.,solve,ambiguous,3. Applying; 6. Creating,3,Applying,source-consistent,yes,carries out a mathematical procedure in a stated type of situation
M22,M22-REV,M22-REV-003,I can simplify an exact square root and approximate it when needed.,simplify,unique,4. Analyzing,3,Applying,context-adjusted,yes,carries out a mathematical procedure in a stated type of situation
M22,M22-REV,M22-REV-004,"I can calculate distance, midpoint, and slope on the coordinate plane.",calculate,not listed,not listed,3,Applying,context-inferred,no,carries out a mathematical procedure in a stated type of situation
M22,M22-REV,M22-REV-005,I can substitute measurements into a formula with consistent units.,substitute,not listed,not listed,3,Applying,context-inferred,no,carries out a mathematical procedure in a stated type of situation
M22,M22-BAS,M22-BAS-001,"I can name and represent points, lines, planes, segments, and rays using correct notation.",name,unique,1. Remembering,1,Remembering,source-consistent,yes,retrieves and supplies established names or labels
M22,M22-BAS,M22-BAS-002,"I can identify collinear, coplanar, intersecting, and concurrent figures.",identify,unique,3. Applying,2,Understanding,context-adjusted,no,"demonstrates meaning, classification, or relationships among representations"
M22,M22-BAS,M22-BAS-003,I can calculate segment lengths using betweenness and the segment-addition postulate.,calculate,not listed,not listed,3,Applying,context-inferred,no,carries out a mathematical procedure in a stated type of situation
M22,M22-BAS,M22-BAS-004,I can determine a midpoint or use a segment bisector relationship.,determine,unique,5. Evaluating,3,Applying,context-adjusted,no,carries out a mathematical procedure in a stated type of situation
M22,M22-BAS,M22-BAS-005,I can classify and measure angles.,classify,ambiguous,2. Understanding; 4. Analyzing,2,Understanding,source-consistent,yes,"demonstrates meaning, classification, or relationships among representations"
M22,M22-BAS,M22-BAS-006,I can calculate angle measures using angle addition and angle bisectors.,calculate,not listed,not listed,3,Applying,context-inferred,no,carries out a mathematical procedure in a stated type of situation
M22,M22-BAS,M22-BAS-007,"I can identify and use complementary, supplementary, vertical, and linear-pair relationships.",identify,unique,3. Applying,2,Understanding,context-adjusted,yes,"demonstrates meaning, classification, or relationships among representations"
M22,M22-BAS,M22-BAS-008,"I can distinguish a definition, postulate, theorem, converse, and counterexample.",distinguish,unique,4. Analyzing,4,Analyzing,source-consistent,no,breaks a structure into parts or examines relationships
M22,M22-BAS,M22-BAS-009,I can determine angle relationships formed by parallel lines and a transversal.,determine,unique,5. Evaluating,3,Applying,context-adjusted,no,carries out a mathematical procedure in a stated type of situation
M22,M22-BAS,M22-BAS-010,I can use angle relationships to determine whether lines are parallel.,use,not listed,not listed,3,Applying,context-inferred,no,carries out a mathematical procedure in a stated type of situation
M22,M22-BAS,M22-BAS-011,"I can solve problems involving parallel, perpendicular, vertical, or horizontal lines.",solve,ambiguous,3. Applying; 6. Creating,3,Applying,source-consistent,no,carries out a mathematical procedure in a stated type of situation
M22,M22-BAS,M22-BAS-012,I can construct a logical geometric argument from stated facts and accepted results.,construct,ambiguous,3. Applying; 6. Creating,6,Creating,source-consistent,no,"produces a new function, model, or argument from constraints"
M22,M22-CON,M22-CON-001,I can classify triangles by sides and angles.,classify,ambiguous,2. Understanding; 4. Analyzing,2,Understanding,source-consistent,no,"demonstrates meaning, classification, or relationships among representations"
M22,M22-CON,M22-CON-002,I can use triangle angle-sum and exterior-angle relationships.,use,not listed,not listed,3,Applying,context-inferred,no,carries out a mathematical procedure in a stated type of situation
M22,M22-CON,M22-CON-003,I can write a congruence statement with corresponding vertices in the correct order.,write,not listed,not listed,3,Applying,context-inferred,no,carries out a mathematical procedure in a stated type of situation
M22,M22-CON,M22-CON-004,I can determine whether triangles are congruent by SAS.,determine,unique,5. Evaluating,4,Analyzing,context-adjusted,no,examines conditions or structure before reaching a conclusion
M22,M22-CON,M22-CON-005,I can determine whether triangles are congruent by SSS.,determine,unique,5. Evaluating,4,Analyzing,context-adjusted,no,examines conditions or structure before reaching a conclusion
M22,M22-CON,M22-CON-006,I can determine whether right triangles are congruent by HL.,determine,unique,5. Evaluating,4,Analyzing,context-adjusted,no,examines conditions or structure before reaching a conclusion
M22,M22-CON,M22-CON-007,I can determine whether triangles are congruent by ASA or AAS.,determine,unique,5. Evaluating,4,Analyzing,context-adjusted,no,examines conditions or structure before reaching a conclusion
M22,M22-CON,M22-CON-008,I can apply isosceles and equilateral triangle theorems and their converses.,apply,unique,3. Applying,3,Applying,source-consistent,no,carries out a mathematical procedure in a stated type of situation
M22,M22-CON,M22-CON-009,I can use corresponding parts of congruent triangles after proving congruence.,use,not listed,not listed,3,Applying,context-inferred,no,carries out a mathematical procedure in a stated type of situation
M22,M22-CON,M22-CON-010,I can write a structured proof involving triangle congruence.,write,not listed,not listed,3,Applying,context-inferred,no,carries out a mathematical procedure in a stated type of situation
M22,M22-QUAD,M22-QUAD-001,I can calculate interior or exterior angle measures of a polygon.,calculate,not listed,not listed,3,Applying,context-inferred,no,carries out a mathematical procedure in a stated type of situation
M22,M22-QUAD,M22-QUAD-002,I can calculate perimeter and area of common polygons.,calculate,not listed,not listed,3,Applying,context-inferred,no,carries out a mathematical procedure in a stated type of situation
M22,M22-QUAD,M22-QUAD-003,I can apply properties of parallelograms to determine unknown measures.,apply,unique,3. Applying,3,Applying,source-consistent,no,carries out a mathematical procedure in a stated type of situation
M22,M22-QUAD,M22-QUAD-004,I can determine whether a quadrilateral is a parallelogram.,determine,unique,5. Evaluating,4,Analyzing,context-adjusted,no,examines conditions or structure before reaching a conclusion
M22,M22-QUAD,M22-QUAD-005,"I can apply properties of rectangles, rhombi, and squares.",apply,unique,3. Applying,3,Applying,source-consistent,no,carries out a mathematical procedure in a stated type of situation
M22,M22-QUAD,M22-QUAD-006,I can classify a quadrilateral from its stated or marked properties.,classify,ambiguous,2. Understanding; 4. Analyzing,2,Understanding,source-consistent,no,"demonstrates meaning, classification, or relationships among representations"
M22,M22-QUAD,M22-QUAD-007,I can apply trapezoid and trapezoid-midsegment relationships.,apply,unique,3. Applying,3,Applying,source-consistent,no,carries out a mathematical procedure in a stated type of situation
M22,M22-QUAD,M22-QUAD-008,I can apply properties of kites.,apply,unique,3. Applying,3,Applying,source-consistent,no,carries out a mathematical procedure in a stated type of situation
M22,M22-QUAD,M22-QUAD-009,I can calculate the perimeter or area of a composite polygon.,calculate,not listed,not listed,3,Applying,context-inferred,no,carries out a mathematical procedure in a stated type of situation
M22,M22-QUAD,M22-QUAD-010,I can justify a quadrilateral conclusion using definitions and theorems.,justify,unique,5. Evaluating,5,Evaluating,source-consistent,no,"defends a conclusion with accepted criteria, definitions, or theorems"
M22,M22-SIM,M22-SIM-001,I can determine image lengths and coordinates under a dilation.,determine,unique,5. Evaluating,3,Applying,context-adjusted,no,carries out a mathematical procedure in a stated type of situation
M22,M22-SIM,M22-SIM-002,I can identify the scale factor of a dilation or similarity relationship.,identify,unique,3. Applying,2,Understanding,context-adjusted,no,"demonstrates meaning, classification, or relationships among representations"
M22,M22-SIM,M22-SIM-003,I can write a similarity statement with corresponding vertices in the correct order.,write,not listed,not listed,3,Applying,context-inferred,no,carries out a mathematical procedure in a stated type of situation
M22,M22-SIM,M22-SIM-004,I can use proportional corresponding sides to solve similar-polygon problems.,use,not listed,not listed,3,Applying,context-inferred,no,carries out a mathematical procedure in a stated type of situation
M22,M22-SIM,M22-SIM-005,I can relate similarity scale factor to perimeter and area scale factors.,relate,ambiguous,1. Remembering; 2. Understanding,2,Understanding,source-consistent,no,"demonstrates meaning, classification, or relationships among representations"
M22,M22-SIM,M22-SIM-006,"I can prove triangles similar by AA, SSS, or SAS.",prove,unique,5. Evaluating,5,Evaluating,source-consistent,no,"defends a conclusion with accepted criteria, definitions, or theorems"
M22,M22-SIM,M22-SIM-007,I can apply triangle proportionality theorems and their converses.,apply,unique,3. Applying,3,Applying,source-consistent,no,carries out a mathematical procedure in a stated type of situation
M22,M22-SIM,M22-SIM-008,I can solve and justify an indirect-measurement or other similarity application.,solve,ambiguous,3. Applying; 6. Creating,3,Applying,source-consistent,yes,carries out a mathematical procedure in a stated type of situation
M22,M22-RGT,M22-RGT-001,I can apply the Pythagorean theorem to determine a missing side.,apply,unique,3. Applying,3,Applying,source-consistent,no,carries out a mathematical procedure in a stated type of situation
M22,M22-RGT,M22-RGT-002,I can use the converse of the Pythagorean theorem to classify a triangle.,use,not listed,not listed,3,Applying,context-inferred,no,carries out a mathematical procedure in a stated type of situation
M22,M22-RGT,M22-RGT-003,I can apply triangle-inequality relationships.,apply,unique,3. Applying,3,Applying,source-consistent,no,carries out a mathematical procedure in a stated type of situation
M22,M22-RGT,M22-RGT-004,I can determine exact side lengths in 45-45-90 and 30-60-90 triangles.,determine,unique,5. Evaluating,3,Applying,context-adjusted,no,carries out a mathematical procedure in a stated type of situation
M22,M22-RGT,M22-RGT-005,I can apply right-triangle similarity relationships.,apply,unique,3. Applying,3,Applying,source-consistent,no,carries out a mathematical procedure in a stated type of situation
M22,M22-RGT,M22-RGT-006,I can use geometric-mean relationships created by an altitude to the hypotenuse.,use,not listed,not listed,3,Applying,context-inferred,no,carries out a mathematical procedure in a stated type of situation
M22,M22-RGT,M22-RGT-007,"I can select sine, cosine, or tangent for a right-triangle problem.",select,ambiguous,1. Remembering; 3. Applying; 5. Evaluating,4,Analyzing,context-adjusted,no,selects a method by analyzing the givens and target
M22,M22-RGT,M22-RGT-008,I can determine a missing side or angle of a right triangle.,determine,unique,5. Evaluating,3,Applying,context-adjusted,no,carries out a mathematical procedure in a stated type of situation
M22,M22-RGT,M22-RGT-009,I can solve a contextual right-triangle problem.,solve,ambiguous,3. Applying; 6. Creating,3,Applying,source-consistent,no,carries out a mathematical procedure in a stated type of situation
M22,M22-RGT,M22-RGT-010,I can justify a right-triangle solution using an appropriate theorem or ratio.,justify,unique,5. Evaluating,5,Evaluating,source-consistent,no,"defends a conclusion with accepted criteria, definitions, or theorems"
M22,M22-CIR,M22-CIR-001,"I can identify and name radii, diameters, chords, secants, tangents, arcs, sectors, and segments.",identify,unique,3. Applying,2,Understanding,context-adjusted,yes,"demonstrates meaning, classification, or relationships among representations"
M22,M22-CIR,M22-CIR-002,I can calculate circumference and arc length.,calculate,not listed,not listed,3,Applying,context-inferred,no,carries out a mathematical procedure in a stated type of situation
M22,M22-CIR,M22-CIR-003,"I can calculate the area of a circle, sector, or segment.",calculate,not listed,not listed,3,Applying,context-inferred,no,carries out a mathematical procedure in a stated type of situation
M22,M22-CIR,M22-CIR-004,I can determine angle and arc measures involving central and inscribed angles.,determine,unique,5. Evaluating,3,Applying,context-adjusted,no,carries out a mathematical procedure in a stated type of situation
M22,M22-CIR,M22-CIR-005,"I can apply relationships among chords, arcs, and distances from the center.",apply,unique,3. Applying,3,Applying,source-consistent,no,carries out a mathematical procedure in a stated type of situation
M22,M22-CIR,M22-CIR-006,I can apply tangent-radius and tangent-segment relationships.,apply,unique,3. Applying,3,Applying,source-consistent,no,carries out a mathematical procedure in a stated type of situation
M22,M22-CIR,M22-CIR-007,"I can determine angle measures formed by chords, secants, or tangents.",determine,unique,5. Evaluating,3,Applying,context-adjusted,no,carries out a mathematical procedure in a stated type of situation
M22,M22-CIR,M22-CIR-008,I can determine segment lengths formed by intersecting chords.,determine,unique,5. Evaluating,3,Applying,context-adjusted,no,carries out a mathematical procedure in a stated type of situation
M22,M22-CIR,M22-CIR-009,I can determine segment lengths formed by secants or tangents.,determine,unique,5. Evaluating,3,Applying,context-adjusted,no,carries out a mathematical procedure in a stated type of situation
M22,M22-CIR,M22-CIR-010,I can solve a multi-step circle problem and justify each relationship used.,solve,ambiguous,3. Applying; 6. Creating,3,Applying,source-consistent,yes,carries out a mathematical procedure in a stated type of situation
M31,M31-REV,M31-REV-001,"I can calculate a percentage, percent increase, or percent decrease.",calculate,not listed,not listed,3,Applying,context-inferred,no,carries out a mathematical procedure in a stated type of situation
M31,M31-REV,M31-REV-002,I can simplify an expression using exponent properties.,simplify,unique,4. Analyzing,3,Applying,context-adjusted,no,carries out a mathematical procedure in a stated type of situation
M31,M31-REV,M31-REV-003,"I can use polynomial vocabulary to distinguish terms, factors, coefficients, degree, and polynomial structure.",use,not listed,not listed,3,Applying,context-inferred,no,carries out a mathematical procedure in a stated type of situation
M31,M31-REV,M31-REV-004,I can expand a product of two binomials.,expand,not listed,not listed,3,Applying,context-inferred,no,carries out a mathematical procedure in a stated type of situation
M31,M31-LIN,M31-LIN-001,I can interpret function notation as a statement about input and output.,interpret,ambiguous,2. Understanding; 5. Evaluating,2,Understanding,source-consistent,no,"demonstrates meaning, classification, or relationships among representations"
M31,M31-LIN,M31-LIN-002,I can determine whether a graph or table represents a function.,determine,unique,5. Evaluating,4,Analyzing,context-adjusted,no,examines conditions or structure before reaching a conclusion
M31,M31-LIN,M31-LIN-003,"I can evaluate a function or solve for an input using a graph, table, or formula.",evaluate,unique,5. Evaluating,3,Applying,context-adjusted,no,uses evaluate in the mathematical sense of compute or substitute
M31,M31-LIN,M31-LIN-004,I can identify independent and dependent variables in a relationship.,identify,unique,3. Applying,2,Understanding,context-adjusted,no,"demonstrates meaning, classification, or relationships among representations"
M31,M31-LIN,M31-LIN-005,I can calculate average rate of change from two points.,calculate,not listed,not listed,3,Applying,context-inferred,no,carries out a mathematical procedure in a stated type of situation
M31,M31-LIN,M31-LIN-006,I can interpret interval notation and identify increasing or decreasing intervals.,interpret,ambiguous,2. Understanding; 5. Evaluating,2,Understanding,source-consistent,yes,"demonstrates meaning, classification, or relationships among representations"
M31,M31-LIN,M31-LIN-007,I can determine total change from an average rate of change over an interval.,determine,unique,5. Evaluating,3,Applying,context-adjusted,no,carries out a mathematical procedure in a stated type of situation
M31,M31-LIN,M31-LIN-008,I can determine and interpret the units of an average rate of change.,determine,unique,5. Evaluating,3,Applying,context-adjusted,yes,carries out a mathematical procedure in a stated type of situation
M31,M31-LIN,M31-LIN-009,"I can identify a linear function from a table, graph, or formula.",identify,unique,3. Applying,2,Understanding,context-adjusted,no,"demonstrates meaning, classification, or relationships among representations"
M31,M31-LIN,M31-LIN-010,I can interpret the slope and intercept of a linear model.,interpret,ambiguous,2. Understanding; 5. Evaluating,2,Understanding,source-consistent,no,"demonstrates meaning, classification, or relationships among representations"
M31,M31-LIN,M31-LIN-011,I can determine the intersection of two linear relationships graphically or algebraically.,determine,unique,5. Evaluating,3,Applying,context-adjusted,no,carries out a mathematical procedure in a stated type of situation
M31,M31-LIN,M31-LIN-012,"I can write equations of horizontal, vertical, parallel, and perpendicular lines through a specified point.",write,not listed,not listed,3,Applying,context-inferred,no,carries out a mathematical procedure in a stated type of situation
M31,M31-FUN,M31-FUN-001,I can determine whether a relation is a function.,determine,unique,5. Evaluating,4,Analyzing,context-adjusted,no,examines conditions or structure before reaching a conclusion
M31,M31-FUN,M31-FUN-002,"I can evaluate a function from a formula, graph, or table.",evaluate,unique,5. Evaluating,3,Applying,context-adjusted,no,uses evaluate in the mathematical sense of compute or substitute
M31,M31-FUN,M31-FUN-003,"I can determine domain and range from a formula, graph, or table.",determine,unique,5. Evaluating,3,Applying,context-adjusted,no,carries out a mathematical procedure in a stated type of situation
M31,M31-FUN,M31-FUN-004,I can determine algebraic domain restrictions caused by denominators and even roots.,determine,unique,5. Evaluating,3,Applying,context-adjusted,no,carries out a mathematical procedure in a stated type of situation
M31,M31-FUN,M31-FUN-005,I can graph a piecewise function from its formula.,graph,not listed,not listed,3,Applying,context-inferred,no,carries out a mathematical procedure in a stated type of situation
M31,M31-FUN,M31-FUN-006,I can write a piecewise formula that represents a graph.,write,not listed,not listed,3,Applying,context-inferred,no,carries out a mathematical procedure in a stated type of situation
M31,M31-FUN,M31-FUN-007,"I can graph a transformed function using shifts, stretches, compressions, and reflections.",graph,not listed,not listed,3,Applying,context-inferred,no,carries out a mathematical procedure in a stated type of situation
M31,M31-FUN,M31-FUN-008,"I can describe how a transformation affects domain, range, or asymptotes.",describe,not listed,not listed,2,Understanding,context-inferred,no,"demonstrates meaning, classification, or relationships among representations"
M31,M31-FUN,M31-FUN-009,"I can evaluate a composition from formulas, graphs, or tables.",evaluate,unique,5. Evaluating,3,Applying,context-adjusted,no,uses evaluate in the mathematical sense of compute or substitute
M31,M31-FUN,M31-FUN-010,I can write a formula for a composition of two functions.,write,not listed,not listed,3,Applying,context-inferred,no,carries out a mathematical procedure in a stated type of situation
M31,M31-FUN,M31-FUN-011,I can find an inverse function algebraically.,find,unique,1. Remembering,3,Applying,context-adjusted,no,carries out a mathematical procedure in a stated type of situation
M31,M31-FUN,M31-FUN-012,"I can evaluate and interpret an inverse from a graph, formula, or table.",evaluate,unique,5. Evaluating,3,Applying,context-adjusted,yes,uses evaluate in the mathematical sense of compute or substitute
M31,M31-FUN,M31-FUN-013,I can determine and interpret the units of an inverse function.,determine,unique,5. Evaluating,3,Applying,context-adjusted,yes,carries out a mathematical procedure in a stated type of situation
M31,M31-FUN,M31-FUN-014,I can explain how the domain and range of a function relate to those of its inverse.,explain,ambiguous,2. Understanding; 5. Evaluating,2,Understanding,source-consistent,no,"demonstrates meaning, classification, or relationships among representations"
M31,M31-FUN,M31-FUN-015,I can determine the range of a function by analyzing the domain of its inverse.,determine,unique,5. Evaluating,3,Applying,context-adjusted,no,carries out a mathematical procedure in a stated type of situation
M31,M31-FUN,M31-FUN-016,I can verify algebraically that two functions are inverses.,verify,not listed,not listed,4,Analyzing,context-inferred,no,examines or verifies relationships among representations and features
M31,M31-FUN,M31-FUN-017,I can interpret the meaning and units of a composition.,interpret,ambiguous,2. Understanding; 5. Evaluating,2,Understanding,source-consistent,no,"demonstrates meaning, classification, or relationships among representations"
M31,M31-FUN,M31-FUN-018,I can classify a graph or table as concave up or concave down using changes in average rate of change.,classify,ambiguous,2. Understanding; 4. Analyzing,2,Understanding,source-consistent,no,"demonstrates meaning, classification, or relationships among representations"
M31,M31-FUN,M31-FUN-019,I can determine whether a function is invertible using the horizontal line test.,determine,unique,5. Evaluating,4,Analyzing,context-adjusted,no,examines conditions or structure before reaching a conclusion
M31,M31-FUN,M31-FUN-020,I can graph an inverse function as a reflection across the line `y = x`.,graph,not listed,not listed,3,Applying,context-inferred,no,carries out a mathematical procedure in a stated type of situation
M31,M31-QUAD,M31-QUAD-001,"I can identify the vertex, intercepts, axis of symmetry, and concavity of a quadratic function.",identify,unique,3. Applying,2,Understanding,context-adjusted,no,"demonstrates meaning, classification, or relationships among representations"
M31,M31-QUAD,M31-QUAD-002,"I can connect standard, factored, and vertex forms to features of a quadratic graph.",connect,not listed,not listed,4,Analyzing,context-inferred,no,examines or verifies relationships among representations and features
M31,M31-QUAD,M31-QUAD-003,I can rewrite a quadratic function in a form that reveals a requested feature.,rewrite,not listed,not listed,3,Applying,context-inferred,no,carries out a mathematical procedure in a stated type of situation
M31,M31-QUAD,M31-QUAD-004,I can solve a quadratic equation by factoring or using the quadratic formula.,solve,ambiguous,3. Applying; 6. Creating,3,Applying,source-consistent,no,carries out a mathematical procedure in a stated type of situation
M31,M31-QUAD,M31-QUAD-005,I can graph a quadratic function using its algebraic structure and key features.,graph,not listed,not listed,3,Applying,context-inferred,no,carries out a mathematical procedure in a stated type of situation
M31,M31-QUAD,M31-QUAD-006,"I can construct a quadratic function from specified zeros, a vertex, or graphical information.",construct,ambiguous,3. Applying; 6. Creating,6,Creating,source-consistent,no,"produces a new function, model, or argument from constraints"
M31,M31-QUAD,M31-QUAD-007,I can create and interpret a quadratic trajectory model.,create,unique,6. Creating,6,Creating,source-consistent,yes,produces a model or representation for a stated situation
M31,M31-EXP,M31-EXP-001,"I can distinguish linear change from exponential change using differences, ratios, or percent change.",distinguish,unique,4. Analyzing,4,Analyzing,source-consistent,no,breaks a structure into parts or examines relationships
M31,M31-EXP,M31-EXP-002,I can identify initial value and growth or decay factor in an exponential model.,identify,unique,3. Applying,2,Understanding,context-adjusted,no,"demonstrates meaning, classification, or relationships among representations"
M31,M31-EXP,M31-EXP-003,"I can write an exponential function from a table, graph, or context.",write,not listed,not listed,3,Applying,context-inferred,no,carries out a mathematical procedure in a stated type of situation
M31,M31-EXP,M31-EXP-004,I can evaluate and interpret an exponential model.,evaluate,unique,5. Evaluating,5,Evaluating,source-consistent,yes,judges quality or consequences using evidence or criteria
M31,M31-EXP,M31-EXP-005,I can calculate growth under periodic compounding.,calculate,not listed,not listed,3,Applying,context-inferred,no,carries out a mathematical procedure in a stated type of situation
M31,M31-EXP,M31-EXP-006,I can calculate growth under continuous compounding.,calculate,not listed,not listed,3,Applying,context-inferred,no,carries out a mathematical procedure in a stated type of situation
M31,M31-EXP,M31-EXP-007,I can determine an exponential formula from two points or other sufficient data.,determine,unique,5. Evaluating,3,Applying,context-adjusted,no,carries out a mathematical procedure in a stated type of situation
M31,M31-EXP,M31-EXP-008,"I can determine domain, range, intercepts, and asymptotes of an exponential function.",determine,unique,5. Evaluating,3,Applying,context-adjusted,no,carries out a mathematical procedure in a stated type of situation
M31,M31-EXP,M31-EXP-009,I can compare the growth rates of two exponential functions.,compare,ambiguous,2. Understanding; 4. Analyzing; 5. Evaluating,4,Analyzing,source-consistent,no,"examines relationships, features, or long-run behavior"
M31,M31-EXP,M31-EXP-010,I can determine the percent growth or decay represented by a continuous exponential model.,determine,unique,5. Evaluating,3,Applying,context-adjusted,no,carries out a mathematical procedure in a stated type of situation
M31,M31-LOG,M31-LOG-001,I can convert between logarithmic and exponential forms.,convert,not listed,not listed,3,Applying,context-inferred,no,carries out a mathematical procedure in a stated type of situation
M31,M31-LOG,M31-LOG-002,I can evaluate a logarithm using its exponential meaning.,evaluate,unique,5. Evaluating,3,Applying,context-adjusted,no,uses evaluate in the mathematical sense of compute or substitute
M31,M31-LOG,M31-LOG-003,"I can expand or condense an expression using product, quotient, and power properties.",expand,not listed,not listed,3,Applying,context-inferred,no,carries out a mathematical procedure in a stated type of situation
M31,M31-LOG,M31-LOG-004,I can solve an exponential equation using logarithms.,solve,ambiguous,3. Applying; 6. Creating,3,Applying,source-consistent,no,carries out a mathematical procedure in a stated type of situation
M31,M31-LOG,M31-LOG-005,I can solve a logarithmic equation using exponential form and check domain restrictions.,solve,ambiguous,3. Applying; 6. Creating,3,Applying,source-consistent,yes,carries out a mathematical procedure in a stated type of situation
M31,M31-LOG,M31-LOG-006,I can calculate and interpret doubling time or half-life.,calculate,not listed,not listed,3,Applying,context-inferred,yes,carries out a mathematical procedure in a stated type of situation
M31,M31-LOG,M31-LOG-007,"I can determine domain, range, intercepts, and asymptotes of a logarithmic function.",determine,unique,5. Evaluating,3,Applying,context-adjusted,no,carries out a mathematical procedure in a stated type of situation
M31,M31-LOG,M31-LOG-008,I can explain how exponential and logarithmic functions undo one another.,explain,ambiguous,2. Understanding; 5. Evaluating,2,Understanding,source-consistent,no,"demonstrates meaning, classification, or relationships among representations"
M31,M31-LOG,M31-LOG-009,I can solve a multi-step exponential or logarithmic equation.,solve,ambiguous,3. Applying; 6. Creating,3,Applying,source-consistent,no,carries out a mathematical procedure in a stated type of situation
M31,M31-LOG,M31-LOG-010,I can determine an intersection of exponential functions graphically or algebraically.,determine,unique,5. Evaluating,3,Applying,context-adjusted,no,carries out a mathematical procedure in a stated type of situation
M31,M31-LOG,M31-LOG-011,I can rewrite a discrete exponential model as an equivalent continuous exponential model.,rewrite,not listed,not listed,3,Applying,context-inferred,no,carries out a mathematical procedure in a stated type of situation
M31,M31-LOG,M31-LOG-012,I can solve and interpret an exponential or logarithmic modeling problem.,solve,ambiguous,3. Applying; 6. Creating,3,Applying,source-consistent,yes,carries out a mathematical procedure in a stated type of situation
M31,M31-EXT,M31-EXT-001,I can analyze an absolute-value function using transformations.,analyze,unique,4. Analyzing,4,Analyzing,source-consistent,no,breaks a structure into parts or examines relationships
M31,M31-EXT,M31-EXT-002,I can determine even or odd symmetry from a graph or formula.,determine,unique,5. Evaluating,3,Applying,context-adjusted,no,carries out a mathematical procedure in a stated type of situation
M31,M31-EXT,M31-EXT-003,I can interpret a contextual logarithmic scale.,interpret,ambiguous,2. Understanding; 5. Evaluating,2,Understanding,source-consistent,no,"demonstrates meaning, classification, or relationships among representations"
M32,M32-FND,M32-FND-001,I can use the Pythagorean theorem to determine an unknown side of a right triangle.,use,not listed,not listed,3,Applying,context-inferred,no,carries out a mathematical procedure in a stated type of situation
M32,M32-FND,M32-FND-002,I can determine exact side lengths in 30-60-90 and 45-45-90 triangles.,determine,unique,5. Evaluating,3,Applying,context-adjusted,no,carries out a mathematical procedure in a stated type of situation
M32,M32-FND,M32-FND-003,I can convert angle measures between degrees and radians.,convert,not listed,not listed,3,Applying,context-inferred,no,carries out a mathematical procedure in a stated type of situation
M32,M32-FND,M32-FND-004,I can determine coterminal and reference angles for a given angle.,determine,unique,5. Evaluating,3,Applying,context-adjusted,no,carries out a mathematical procedure in a stated type of situation
M32,M32-FND,M32-FND-005,I can calculate arc length from a central angle and radius.,calculate,not listed,not listed,3,Applying,context-inferred,no,carries out a mathematical procedure in a stated type of situation
M32,M32-FND,M32-FND-006,I can determine exact coordinates on the unit circle.,determine,unique,5. Evaluating,3,Applying,context-adjusted,no,carries out a mathematical procedure in a stated type of situation
M32,M32-FND,M32-FND-007,I can evaluate all six trigonometric functions exactly for common angles.,evaluate,unique,5. Evaluating,3,Applying,context-adjusted,no,uses evaluate in the mathematical sense of compute or substitute
M32,M32-FND,M32-FND-008,I can solve right triangles using trigonometric ratios.,solve,ambiguous,3. Applying; 6. Creating,3,Applying,source-consistent,no,carries out a mathematical procedure in a stated type of situation
M32,M32-FND,M32-FND-009,I can apply right-triangle trigonometry to contextual problems.,apply,unique,3. Applying,3,Applying,source-consistent,no,carries out a mathematical procedure in a stated type of situation
M32,M32-FND,M32-FND-010,I can evaluate trigonometric functions from a point on a circle or terminal side.,evaluate,unique,5. Evaluating,3,Applying,context-adjusted,no,uses evaluate in the mathematical sense of compute or substitute
M32,M32-FND,M32-FND-011,I can solve a basic trigonometric equation for all angles in a specified interval.,solve,ambiguous,3. Applying; 6. Creating,3,Applying,source-consistent,no,carries out a mathematical procedure in a stated type of situation
M32,M32-GRF,M32-GRF-001,I can graph basic sine and cosine functions using key features.,graph,not listed,not listed,3,Applying,context-inferred,no,carries out a mathematical procedure in a stated type of situation
M32,M32-GRF,M32-GRF-002,"I can identify amplitude, midline, period, and phase shift from an equation or graph.",identify,unique,3. Applying,2,Understanding,context-adjusted,no,"demonstrates meaning, classification, or relationships among representations"
M32,M32-GRF,M32-GRF-003,I can graph transformed sine and cosine functions.,graph,not listed,not listed,3,Applying,context-inferred,no,carries out a mathematical procedure in a stated type of situation
M32,M32-GRF,M32-GRF-004,I can write sine and cosine equations that represent a periodic graph.,write,not listed,not listed,3,Applying,context-inferred,no,carries out a mathematical procedure in a stated type of situation
M32,M32-GRF,M32-GRF-005,I can construct a sinusoidal model from contextual information or data.,construct,ambiguous,3. Applying; 6. Creating,6,Creating,source-consistent,no,"produces a new function, model, or argument from constraints"
M32,M32-GRF,M32-GRF-006,I can interpret the parameters and outputs of a sinusoidal model in context.,interpret,ambiguous,2. Understanding; 5. Evaluating,2,Understanding,source-consistent,no,"demonstrates meaning, classification, or relationships among representations"
M32,M32-GRF,M32-GRF-007,"I can graph tangent, secant, and cosecant functions with their asymptotes.",graph,not listed,not listed,3,Applying,context-inferred,no,carries out a mathematical procedure in a stated type of situation
M32,M32-INV,M32-INV-006,I can read inverse-trigonometric notation and distinguish it from reciprocal notation.,read,not listed,not listed,2,Understanding,context-inferred,yes,interprets notation well enough to distinguish meanings or identify structural roles
M32,M32-INV,M32-INV-001,"I can evaluate inverse sine, inverse cosine, and inverse tangent expressions.",evaluate,unique,5. Evaluating,3,Applying,context-adjusted,no,uses evaluate in the mathematical sense of compute or substitute
M32,M32-INV,M32-INV-002,I can explain how restricted domains make inverse trigonometric functions possible.,explain,ambiguous,2. Understanding; 5. Evaluating,2,Understanding,source-consistent,no,"demonstrates meaning, classification, or relationships among representations"
M32,M32-INV,M32-INV-003,I can solve trigonometric equations exactly or approximately on a specified interval.,solve,ambiguous,3. Applying; 6. Creating,3,Applying,source-consistent,no,carries out a mathematical procedure in a stated type of situation
M32,M32-INV,M32-INV-004,I can express all solutions of a trigonometric equation in general form.,express,not listed,not listed,3,Applying,context-inferred,no,converts or records a mathematical result in a required form
M32,M32-INV,M32-INV-005,I can evaluate compositions of trigonometric and inverse trigonometric functions.,evaluate,unique,5. Evaluating,3,Applying,context-adjusted,no,uses evaluate in the mathematical sense of compute or substitute
M32,M32-TRI,M32-TRI-002,I can solve a non-right triangle using the Law of Sines.,solve,ambiguous,3. Applying; 6. Creating,3,Applying,source-consistent,no,carries out a mathematical procedure in a stated type of situation
M32,M32-TRI,M32-TRI-003,I can determine the number of possible triangles in the ambiguous SSA case.,determine,unique,5. Evaluating,4,Analyzing,context-adjusted,no,examines conditions or structure before reaching a conclusion
M32,M32-TRI,M32-TRI-004,I can solve a non-right triangle using the Law of Cosines.,solve,ambiguous,3. Applying; 6. Creating,3,Applying,source-consistent,no,carries out a mathematical procedure in a stated type of situation
M32,M32-TRI,M32-TRI-005,I can select and apply an appropriate method to solve a triangle in context.,select,ambiguous,1. Remembering; 3. Applying; 5. Evaluating,4,Analyzing,context-adjusted,yes,selects a method by analyzing the givens and target
M32,M32-IDN,M32-IDN-001,"I can rewrite trigonometric expressions using reciprocal and quotient identities, including `tan(theta) = sin(theta)/cos(theta)`.",rewrite,not listed,not listed,3,Applying,context-inferred,no,carries out a mathematical procedure in a stated type of situation
M32,M32-IDN,M32-IDN-002,I can rewrite trigonometric expressions using the Pythagorean identities.,rewrite,not listed,not listed,3,Applying,context-inferred,no,carries out a mathematical procedure in a stated type of situation
M32,M32-IDN,M32-IDN-003,I can use even/odd and cofunction identities to rewrite trigonometric expressions.,use,not listed,not listed,3,Applying,context-inferred,no,carries out a mathematical procedure in a stated type of situation
M32,M32-IDN,M32-IDN-004,I can verify a trigonometric identity using the required identity families.,verify,not listed,not listed,4,Analyzing,context-inferred,no,examines or verifies relationships among representations and features
M32,M32-IDX,M32-IDX-001,I can apply double-angle identities.,apply,unique,3. Applying,3,Applying,source-consistent,no,carries out a mathematical procedure in a stated type of situation
M32,M32-IDX,M32-IDX-002,I can apply half-angle identities.,apply,unique,3. Applying,3,Applying,source-consistent,no,carries out a mathematical procedure in a stated type of situation
M32,M32-IDX,M32-IDX-003,I can apply angle sum and difference identities.,apply,unique,3. Applying,3,Applying,source-consistent,no,carries out a mathematical procedure in a stated type of situation
M32,M32-IDX,M32-IDX-004,I can determine exact trigonometric values using extension identities.,determine,unique,5. Evaluating,3,Applying,context-adjusted,no,carries out a mathematical procedure in a stated type of situation
M32,M32-TRX,M32-TRX-001,I can calculate the area of a triangle from two sides and the included angle.,calculate,not listed,not listed,3,Applying,context-inferred,no,carries out a mathematical procedure in a stated type of situation
M32,M32-POL,M32-POL-001,I can plot and identify points in polar coordinates.,plot,not listed,not listed,3,Applying,context-inferred,yes,carries out a mathematical procedure in a stated type of situation
M32,M32-POL,M32-POL-002,I can represent a polar point using equivalent coordinate pairs.,represent,not listed,not listed,2,Understanding,context-inferred,no,"demonstrates meaning, classification, or relationships among representations"
M32,M32-POL,M32-POL-003,I can convert points between polar and rectangular coordinates.,convert,not listed,not listed,3,Applying,context-inferred,no,carries out a mathematical procedure in a stated type of situation
M32,M32-PLX,M32-PLX-001,I can graph and interpret basic polar functions.,graph,not listed,not listed,3,Applying,context-inferred,yes,carries out a mathematical procedure in a stated type of situation
M32,M32-PLX,M32-PLX-002,I can convert equations between polar and rectangular forms.,convert,not listed,not listed,3,Applying,context-inferred,no,carries out a mathematical procedure in a stated type of situation
M32,M32-VEC,M32-VEC-001,I can represent a vector geometrically and in component form.,represent,not listed,not listed,2,Understanding,context-inferred,no,"demonstrates meaning, classification, or relationships among representations"
M32,M32-VEC,M32-VEC-002,"I can add, subtract, and multiply vectors by scalars.",add,not listed,not listed,3,Applying,context-inferred,yes,carries out a mathematical procedure in a stated type of situation
M32,M32-VEC,M32-VEC-003,"I can determine vector magnitude, direction, and unit vector.",determine,unique,5. Evaluating,3,Applying,context-adjusted,no,carries out a mathematical procedure in a stated type of situation
M32,M32-VEC,M32-VEC-004,I can resolve a vector into horizontal and vertical components.,resolve,not listed,not listed,4,Analyzing,context-inferred,no,examines or verifies relationships among representations and features
M32,M32-VEC,M32-VEC-005,I can perform basic operations with vectors in three dimensions.,perform,not listed,not listed,3,Applying,context-inferred,no,carries out a mathematical procedure in a stated type of situation
M32,M32-PAR,M32-PAR-001,I can graph a plane curve defined by parametric equations with its orientation.,graph,not listed,not listed,3,Applying,context-inferred,no,carries out a mathematical procedure in a stated type of situation
M32,M32-PAR,M32-PAR-002,I can eliminate a parameter to obtain a rectangular equation.,eliminate,not listed,not listed,3,Applying,context-inferred,no,carries out a mathematical procedure in a stated type of situation
M32,M32-PAR,M32-PAR-003,I can create or interpret parametric equations for motion in the plane.,create,unique,6. Creating,6,Creating,source-consistent,no,produces a model or representation for a stated situation
M39,M39-LIN,M39-LIN-001,I can calculate and interpret average rate of change with appropriate units.,calculate,not listed,not listed,3,Applying,context-inferred,yes,carries out a mathematical procedure in a stated type of situation
M39,M39-LIN,M39-LIN-002,"I can construct a linear function from two data points, a table, a graph, or a context.",construct,ambiguous,3. Applying; 6. Creating,6,Creating,source-consistent,no,"produces a new function, model, or argument from constraints"
M39,M39-LIN,M39-LIN-003,I can fit a linear regression model to data using technology and interpret its parameters.,fit,not listed,not listed,3,Applying,context-inferred,yes,carries out a mathematical procedure in a stated type of situation
M39,M39-LIN,M39-LIN-004,I can interpret a correlation coefficient as evidence about the direction and strength of a linear relationship.,interpret,ambiguous,2. Understanding; 5. Evaluating,2,Understanding,source-consistent,no,"demonstrates meaning, classification, or relationships among representations"
M39,M39-LIN,M39-LIN-005,"I can calculate residuals, construct a residual plot, and use its pattern to evaluate a model.",calculate,not listed,not listed,3,Applying,context-inferred,yes,carries out a mathematical procedure in a stated type of situation
M39,M39-LIN,M39-LIN-006,"I can use a linear model to make and interpret predictions, including solving for either variable.",use,not listed,not listed,3,Applying,context-inferred,yes,carries out a mathematical procedure in a stated type of situation
M39,M39-EXP,M39-EXP-001,"I can distinguish linear and exponential change using rates, multipliers, tables, graphs, or contexts.",distinguish,unique,4. Analyzing,4,Analyzing,source-consistent,no,breaks a structure into parts or examines relationships
M39,M39-EXP,M39-EXP-002,"I can construct an exponential function from two data points, a table, or a context.",construct,ambiguous,3. Applying; 6. Creating,6,Creating,source-consistent,no,"produces a new function, model, or argument from constraints"
M39,M39-EXP,M39-EXP-003,"I can interpret the initial value, growth or decay factor, and growth or decay rate of an exponential model.",interpret,ambiguous,2. Understanding; 5. Evaluating,2,Understanding,source-consistent,no,"demonstrates meaning, classification, or relationships among representations"
M39,M39-EXP,M39-EXP-004,I can determine and interpret doubling time or half-life from an exponential model.,determine,unique,5. Evaluating,3,Applying,context-adjusted,yes,carries out a mathematical procedure in a stated type of situation
M39,M39-EXP,M39-EXP-005,I can solve exponential and logarithmic equations in modeling contexts.,solve,ambiguous,3. Applying; 6. Creating,3,Applying,source-consistent,no,carries out a mathematical procedure in a stated type of situation
M39,M39-EXP,M39-EXP-006,I can fit an exponential regression model using technology and evaluate its fit.,fit,not listed,not listed,3,Applying,context-inferred,yes,carries out a mathematical procedure in a stated type of situation
M39,M39-EXP,M39-EXP-007,I can compare linear and exponential models and justify which is more appropriate for a data set or context.,compare,ambiguous,2. Understanding; 4. Analyzing; 5. Evaluating,5,Evaluating,source-consistent,yes,compares alternatives to select or defend a model
M39,M39-POW,M39-POW-001,I can identify a power function and interpret the parameters in y = kx^p.,identify,unique,3. Applying,2,Understanding,context-adjusted,yes,"demonstrates meaning, classification, or relationships among representations"
M39,M39-POW,M39-POW-002,I can construct a power function from two data points or a proportional relationship.,construct,ambiguous,3. Applying; 6. Creating,6,Creating,source-consistent,no,"produces a new function, model, or argument from constraints"
M39,M39-POW,M39-POW-003,"I can relate the sign and size of k and p to the shape, domain behavior, and end behavior of a power function.",relate,ambiguous,1. Remembering; 2. Understanding,2,Understanding,source-consistent,no,"demonstrates meaning, classification, or relationships among representations"
M39,M39-POW,M39-POW-004,"I can recognize and model direct, inverse, and other power-variation relationships.",recognize,not listed,not listed,2,Understanding,context-inferred,yes,"demonstrates meaning, classification, or relationships among representations"
M39,M39-POW,M39-POW-005,I can solve equations involving integer or rational powers.,solve,ambiguous,3. Applying; 6. Creating,3,Applying,source-consistent,no,carries out a mathematical procedure in a stated type of situation
M39,M39-POW,M39-POW-006,"I can compare the long-run dominance of logarithmic, power, polynomial, and exponential functions.",compare,ambiguous,2. Understanding; 4. Analyzing; 5. Evaluating,4,Analyzing,source-consistent,no,"examines relationships, features, or long-run behavior"
M39,M39-POW,M39-POW-007,I can fit a power regression model and interpret its parameters and correlation evidence.,fit,not listed,not listed,3,Applying,context-inferred,yes,carries out a mathematical procedure in a stated type of situation
M39,M39-POL,M39-POL-001,"I can add, subtract, multiply, and divide functions represented by tables, graphs, or formulas.",add,not listed,not listed,3,Applying,context-inferred,yes,carries out a mathematical procedure in a stated type of situation
M39,M39-POL,M39-POL-002,"I can determine where a combination of functions is positive, zero, or undefined.",determine,unique,5. Evaluating,4,Analyzing,context-adjusted,no,examines conditions or structure before reaching a conclusion
M39,M39-POL,M39-POL-003,I can determine polynomial end behavior from degree and leading coefficient.,determine,unique,5. Evaluating,3,Applying,context-adjusted,no,carries out a mathematical procedure in a stated type of situation
M39,M39-POL,M39-POL-004,I can identify zeros and multiplicities and relate them to polynomial graph behavior.,identify,unique,3. Applying,2,Understanding,context-adjusted,yes,"demonstrates meaning, classification, or relationships among representations"
M39,M39-POL,M39-POL-005,"I can estimate a polynomial's possible degree from its zeros, turning points, inflection points, and end behavior.",estimate,ambiguous,5. Evaluating; 6. Creating,4,Analyzing,context-adjusted,no,infers a value or structural feature from graphical or numerical evidence
M39,M39-POL,M39-POL-006,"I can construct a polynomial function from specified zeros, multiplicities, and a point.",construct,ambiguous,3. Applying; 6. Creating,6,Creating,source-consistent,no,"produces a new function, model, or argument from constraints"
M39,M39-POL,M39-POL-007,"I can match polynomial formulas and graphs using intercepts, multiplicity, degree, and end behavior.",match,unique,1. Remembering,2,Understanding,context-adjusted,no,"demonstrates meaning, classification, or relationships among representations"
M39,M39-POL,M39-POL-008,I can build and optimize a polynomial model in a geometric or economic context.,build,ambiguous,3. Applying; 6. Creating,6,Creating,source-consistent,yes,produces and refines a mathematical model
M39,M39-STA,M39-STA-001,I can distinguish categorical and quantitative data.,distinguish,unique,4. Analyzing,4,Analyzing,source-consistent,no,breaks a structure into parts or examines relationships
M39,M39-STA,M39-STA-002,I can construct and interpret frequency and relative-frequency tables.,construct,ambiguous,3. Applying; 6. Creating,3,Applying,source-consistent,yes,carries out a known construction or display procedure
M39,M39-STA,M39-STA-003,"I can construct and interpret bar charts, pie charts, and histograms using appropriate technology.",construct,ambiguous,3. Applying; 6. Creating,3,Applying,source-consistent,yes,carries out a known construction or display procedure
M39,M39-STA,M39-STA-004,I can identify misleading features in a data display.,identify,unique,3. Applying,2,Understanding,context-adjusted,no,"demonstrates meaning, classification, or relationships among representations"
M39,M39-STA,M39-STA-005,"I can describe a distribution's modality, symmetry, skewness, and outliers.",describe,not listed,not listed,2,Understanding,context-inferred,no,"demonstrates meaning, classification, or relationships among representations"
M39,M39-STA,M39-STA-006,"I can calculate and interpret mean, median, and mode and select an appropriate measure of center.",calculate,not listed,not listed,3,Applying,context-inferred,yes,carries out a mathematical procedure in a stated type of situation
M39,M39-STA,M39-STA-007,"I can calculate and interpret range, standard deviation, quartiles, and interquartile range.",calculate,not listed,not listed,3,Applying,context-inferred,yes,carries out a mathematical procedure in a stated type of situation
M39,M39-STA,M39-STA-008,I can construct and interpret a five-number summary and boxplot.,construct,ambiguous,3. Applying; 6. Creating,3,Applying,source-consistent,yes,carries out a known construction or display procedure
M39,M39-STA,M39-STA-009,I can use percentiles and z-scores to locate and compare values within distributions.,use,not listed,not listed,3,Applying,context-inferred,yes,carries out a mathematical procedure in a stated type of situation
M39,M39-STA,M39-STA-010,"I can compare distributions using their shape, center, spread, and unusual features.",compare,ambiguous,2. Understanding; 4. Analyzing; 5. Evaluating,4,Analyzing,source-consistent,no,"examines relationships, features, or long-run behavior"
M39,M39-PRO,M39-PRO-009,I can interpret and write notation for compound and conditional probabilities.,interpret,ambiguous,2. Understanding; 5. Evaluating,2,Understanding,source-consistent,yes,"demonstrates meaning, classification, or relationships among representations"
M39,M39-PRO,M39-PRO-001,I can organize categorical data in a contingency table or Venn diagram.,organize,unique,3. Applying,4,Analyzing,context-adjusted,no,breaks a structure into parts or examines relationships
M39,M39-PRO,M39-PRO-002,"I can calculate and interpret empirical, marginal, joint, and conditional probabilities from a contingency table.",calculate,not listed,not listed,3,Applying,context-inferred,yes,carries out a mathematical procedure in a stated type of situation
M39,M39-PRO,M39-PRO-003,"I can identify an experiment, outcomes, events, and a sample space.",identify,unique,3. Applying,2,Understanding,context-adjusted,no,"demonstrates meaning, classification, or relationships among representations"
M39,M39-PRO,M39-PRO-004,I can calculate theoretical probabilities when outcomes are equally likely.,calculate,not listed,not listed,3,Applying,context-inferred,no,carries out a mathematical procedure in a stated type of situation
M39,M39-PRO,M39-PRO-005,I can use complements to calculate probabilities.,use,not listed,not listed,3,Applying,context-inferred,no,carries out a mathematical procedure in a stated type of situation
M39,M39-PRO,M39-PRO-006,I can calculate probabilities of compound 'and' events and distinguish independent from dependent events.,calculate,not listed,not listed,3,Applying,context-inferred,yes,carries out a mathematical procedure in a stated type of situation
M39,M39-PRO,M39-PRO-007,I can calculate probabilities of compound 'or' events and distinguish overlapping from disjoint events.,calculate,not listed,not listed,3,Applying,context-inferred,yes,carries out a mathematical procedure in a stated type of situation
M39,M39-PRO,M39-PRO-008,I can compare experimental and theoretical probability and explain the law of large numbers.,compare,ambiguous,2. Understanding; 4. Analyzing; 5. Evaluating,4,Analyzing,source-consistent,yes,"examines relationships, features, or long-run behavior"
M39,M39-EV,M39-EV-001,I can calculate the expected value of a discrete probability situation.,calculate,not listed,not listed,3,Applying,context-inferred,no,carries out a mathematical procedure in a stated type of situation
M39,M39-EV,M39-EV-002,"I can interpret expected value to evaluate a game, risk, or long-run decision.",interpret,ambiguous,2. Understanding; 5. Evaluating,2,Understanding,source-consistent,no,"demonstrates meaning, classification, or relationships among representations"
M39,M39-LNZ,M39-POW-008,I can linearize power or exponential data and translate between the linearized and original models.,linearize,not listed,not listed,4,Analyzing,context-inferred,yes,breaks a structure into parts or examines relationships
M49,M49-FND,M49-FND-001,"I can determine the domain and range of a function from a formula, graph, or table.",determine,unique,5. Evaluating,3,Applying,context-adjusted,no,carries out a mathematical procedure in a stated type of situation
M49,M49-FND,M49-FND-002,I can describe and apply transformations of a parent function.,describe,not listed,not listed,2,Understanding,context-inferred,yes,"demonstrates meaning, classification, or relationships among representations"
M49,M49-FND,M49-FND-004,"I can analyze exponential functions using their equations, graphs, and contexts.",analyze,unique,4. Analyzing,4,Analyzing,source-consistent,no,breaks a structure into parts or examines relationships
M49,M49-FND,M49-FND-005,"I can analyze logarithmic functions using their equations, graphs, and contexts.",analyze,unique,4. Analyzing,4,Analyzing,source-consistent,no,breaks a structure into parts or examines relationships
M49,M49-FND,M49-FND-006,I can solve exponential and logarithmic equations using equivalent forms and logarithm properties.,solve,ambiguous,3. Applying; 6. Creating,3,Applying,source-consistent,no,carries out a mathematical procedure in a stated type of situation
M49,M49-OPS,M49-FND-003,"I can determine whether a function is even, odd, or neither.",determine,unique,5. Evaluating,4,Analyzing,context-adjusted,no,examines conditions or structure before reaching a conclusion
M49,M49-OPS,M49-OPS-001,"I can add, subtract, multiply, and divide functions and state the resulting domain.",add,not listed,not listed,3,Applying,context-inferred,yes,carries out a mathematical procedure in a stated type of situation
M49,M49-OPS,M49-OPS-002,"I can evaluate a composition from formulas, graphs, or tables.",evaluate,unique,5. Evaluating,3,Applying,context-adjusted,no,uses evaluate in the mathematical sense of compute or substitute
M49,M49-OPS,M49-OPS-003,I can write a formula for the composition of two functions and determine its domain.,write,not listed,not listed,3,Applying,context-inferred,yes,carries out a mathematical procedure in a stated type of situation
M49,M49-OPS,M49-OPS-004,I can decompose a function into a composition of simpler functions.,decompose,not listed,not listed,4,Analyzing,context-inferred,no,breaks a structure into parts or examines relationships
M49,M49-OPS,M49-OPS-005,I can determine whether a function has an inverse on a given domain.,determine,unique,5. Evaluating,4,Analyzing,context-adjusted,no,examines conditions or structure before reaching a conclusion
M49,M49-OPS,M49-OPS-006,I can find and verify an inverse function algebraically.,find,unique,1. Remembering,3,Applying,context-adjusted,yes,carries out a mathematical procedure in a stated type of situation
M49,M49-OPS,M49-OPS-007,I can interpret the relationship between a function and its inverse from graphs or tables.,interpret,ambiguous,2. Understanding; 5. Evaluating,2,Understanding,source-consistent,no,"demonstrates meaning, classification, or relationships among representations"
M49,M49-PWR,M49-PWR-001,I can identify a power function and interpret the parameters in y = kx^p.,identify,unique,3. Applying,2,Understanding,context-adjusted,yes,"demonstrates meaning, classification, or relationships among representations"
M49,M49-PWR,M49-PWR-002,I can construct a power function from two data points or a proportional relationship.,construct,ambiguous,3. Applying; 6. Creating,6,Creating,source-consistent,no,"produces a new function, model, or argument from constraints"
M49,M49-PWR,M49-PWR-003,"I can relate the sign and size of k and p to the shape, domain behavior, and end behavior of a power function.",relate,ambiguous,1. Remembering; 2. Understanding,2,Understanding,source-consistent,no,"demonstrates meaning, classification, or relationships among representations"
M49,M49-PWR,M49-PWR-004,"I can recognize and model direct, inverse, and other power-variation relationships.",recognize,not listed,not listed,2,Understanding,context-inferred,yes,"demonstrates meaning, classification, or relationships among representations"
M49,M49-PWR,M49-PWR-005,I can solve equations involving integer or rational powers.,solve,ambiguous,3. Applying; 6. Creating,3,Applying,source-consistent,no,carries out a mathematical procedure in a stated type of situation
M49,M49-PWR,M49-PWR-007,I can build or select a power-function model for a context and interpret its parameters.,build,ambiguous,3. Applying; 6. Creating,6,Creating,source-consistent,yes,produces and refines a mathematical model
M49,M49-PWR,M49-PWR-008,"I can analyze power functions with fractional exponents, including their domains, graph shapes, and behavior near zero.",analyze,unique,4. Analyzing,4,Analyzing,source-consistent,no,breaks a structure into parts or examines relationships
M49,M49-POL,M49-ALG-002,I can predict the end behavior of a polynomial from its degree and leading coefficient.,predict,unique,6. Creating,4,Analyzing,context-adjusted,no,infers behavior from algebraic structure rather than inventing a product
M49,M49-POL,M49-ALG-003,I can determine polynomial zeros and their multiplicities.,determine,unique,5. Evaluating,3,Applying,context-adjusted,no,carries out a mathematical procedure in a stated type of situation
M49,M49-POL,M49-ALG-004,I can construct a polynomial function from specified zeros or graphical features.,construct,ambiguous,3. Applying; 6. Creating,6,Creating,source-consistent,no,"produces a new function, model, or argument from constraints"
M49,M49-POL,M49-ALG-005,"I can sketch and analyze a polynomial function using intercepts, multiplicity, and end behavior.",sketch,not listed,not listed,4,Analyzing,context-inferred,yes,examines or verifies relationships among representations and features
M49,M49-POL,M49-POL-002,"I can determine the minimum possible degree of a polynomial function from the zeros, turning points, inflection points, and end behavior of its graph.",determine,unique,5. Evaluating,4,Analyzing,context-adjusted,no,examines conditions or structure before reaching a conclusion
M49,M49-POL,M49-POL-001,I can build or select a polynomial model for a context and interpret its features.,build,ambiguous,3. Applying; 6. Creating,6,Creating,source-consistent,yes,produces and refines a mathematical model
M49,M49-RAT,M49-ALG-006,"I can identify holes and vertical, horizontal, or slant asymptotes of a rational function.",identify,unique,3. Applying,2,Understanding,context-adjusted,no,"demonstrates meaning, classification, or relationships among representations"
M49,M49-RAT,M49-ALG-007,I can sketch and analyze a rational function using its algebraic and asymptotic features.,sketch,not listed,not listed,4,Analyzing,context-inferred,yes,examines or verifies relationships among representations and features
M49,M49-RAT,M49-LIM-001,I can interpret limit notation as a statement about function behavior near an input.,interpret,ambiguous,2. Understanding; 5. Evaluating,2,Understanding,source-consistent,no,"demonstrates meaning, classification, or relationships among representations"
M49,M49-RAT,M49-LIM-002,I can estimate a limit from a graph or table.,estimate,ambiguous,5. Evaluating; 6. Creating,4,Analyzing,context-adjusted,no,infers a value or structural feature from graphical or numerical evidence
M49,M49-RAT,M49-LIM-003,I can evaluate a limit algebraically using direct substitution or simplification.,evaluate,unique,5. Evaluating,3,Applying,context-adjusted,no,uses evaluate in the mathematical sense of compute or substitute
M49,M49-RAT,M49-LIM-005,I can interpret an infinite limit as vertical-asymptotic behavior.,interpret,ambiguous,2. Understanding; 5. Evaluating,2,Understanding,source-consistent,no,"demonstrates meaning, classification, or relationships among representations"
M49,M49-RAT,M49-LIM-006,I can use limit notation to describe behavior at infinity.,use,not listed,not listed,3,Applying,context-inferred,no,carries out a mathematical procedure in a stated type of situation
M49,M49-RAT,M49-PWR-006,"I can analyze the long-run behavior of quotients involving polynomial, exponential, or logarithmic expressions.",analyze,unique,4. Analyzing,4,Analyzing,source-consistent,no,breaks a structure into parts or examines relationships
M49,M49-RAT,M49-LIM-007,"I can compare the long-run growth of polynomial, exponential, logarithmic, and rational functions.",compare,ambiguous,2. Understanding; 4. Analyzing; 5. Evaluating,4,Analyzing,source-consistent,no,"examines relationships, features, or long-run behavior"
M49,M49-RAT,M49-ALG-008,I can build or select a rational or rational-adjacent model for a context and interpret its long-run behavior.,build,ambiguous,3. Applying; 6. Creating,6,Creating,source-consistent,yes,produces and refines a mathematical model
M49,M49-SS,M49-SEQ-001,I can evaluate and graph a sequence defined explicitly or recursively.,evaluate,unique,5. Evaluating,3,Applying,context-adjusted,yes,uses evaluate in the mathematical sense of compute or substitute
M49,M49-SS,M49-SEQ-002,I can write explicit and recursive formulas for arithmetic sequences.,write,not listed,not listed,3,Applying,context-inferred,no,carries out a mathematical procedure in a stated type of situation
M49,M49-SS,M49-SEQ-003,I can write explicit and recursive formulas for geometric sequences.,write,not listed,not listed,3,Applying,context-inferred,no,carries out a mathematical procedure in a stated type of situation
M49,M49-SS,M49-SEQ-004,"I can distinguish arithmetic, geometric, and other sequences from formulas, tables, or contexts.",distinguish,unique,4. Analyzing,4,Analyzing,source-consistent,no,breaks a structure into parts or examines relationships
M49,M49-SS,M49-SEQ-005,I can create and interpret a sequence model for discrete change.,create,unique,6. Creating,6,Creating,source-consistent,yes,produces a model or representation for a stated situation
M49,M49-SS,M49-SER-001,I can interpret and use summation notation.,interpret,ambiguous,2. Understanding; 5. Evaluating,2,Understanding,source-consistent,yes,"demonstrates meaning, classification, or relationships among representations"
M49,M49-SS,M49-SER-002,I can calculate a finite arithmetic series.,calculate,not listed,not listed,3,Applying,context-inferred,no,carries out a mathematical procedure in a stated type of situation
M49,M49-SS,M49-SER-003,I can calculate a finite geometric series.,calculate,not listed,not listed,3,Applying,context-inferred,no,carries out a mathematical procedure in a stated type of situation
M49,M49-SS,M49-SER-004,I can determine whether an infinite geometric series converges and find its sum when it does.,determine,unique,5. Evaluating,4,Analyzing,context-adjusted,yes,examines conditions or structure before reaching a conclusion
M49,M49-SS,M49-SER-005,I can create and interpret a series model for accumulated change.,create,unique,6. Creating,6,Creating,source-consistent,yes,produces a model or representation for a stated situation
M49,M49-LXE,M49-LIM-004,I can determine one-sided limits and decide whether a two-sided limit exists.,determine,unique,5. Evaluating,4,Analyzing,context-adjusted,yes,examines conditions or structure before reaching a conclusion
M49,M49-LXE,M49-LIM-008,I can distinguish a function value from a limit and determine continuity at a point.,distinguish,unique,4. Analyzing,4,Analyzing,source-consistent,yes,breaks a structure into parts or examines relationships
M49,M49-PAR,M49-PAR-001,I can graph a plane curve defined by parametric equations with its orientation.,graph,not listed,not listed,3,Applying,context-inferred,no,carries out a mathematical procedure in a stated type of situation
M49,M49-PAR,M49-PAR-002,I can eliminate a parameter to obtain a rectangular equation.,eliminate,not listed,not listed,3,Applying,context-inferred,no,carries out a mathematical procedure in a stated type of situation
M49,M49-PAR,M49-PAR-003,I can create or interpret parametric equations for motion in the plane.,create,unique,6. Creating,6,Creating,source-consistent,no,produces a model or representation for a stated situation
M49,M49-CON,M49-CON-001,"I can classify a circle, ellipse, or hyperbola from its equation or defining geometric relationship.",classify,ambiguous,2. Understanding; 4. Analyzing,2,Understanding,source-consistent,no,"demonstrates meaning, classification, or relationships among representations"
M49,M49-CON,M49-CON-002,I can use completing the square to rewrite a general-form conic equation in standard form.,use,not listed,not listed,3,Applying,context-inferred,no,carries out a mathematical procedure in a stated type of situation
M49,M49-CON,M49-CON-003,"I can write, interpret, and graph implicit and parametric equations of a circle.",write,not listed,not listed,3,Applying,context-inferred,yes,carries out a mathematical procedure in a stated type of situation
M49,M49-CON,M49-CON-004,"I can write, interpret, and graph implicit and parametric equations of an ellipse.",write,not listed,not listed,3,Applying,context-inferred,yes,carries out a mathematical procedure in a stated type of situation
M49,M49-CON,M49-CON-005,"I can write, interpret, and graph implicit and parametric equations of a hyperbola.",write,not listed,not listed,3,Applying,context-inferred,yes,carries out a mathematical procedure in a stated type of situation
M49,M49-CON,M49-CON-006,"I can determine the center, vertices, foci, axes, or asymptotes needed to describe a circle, ellipse, or hyperbola.",determine,unique,5. Evaluating,3,Applying,context-adjusted,no,carries out a mathematical procedure in a stated type of situation
M49,M49-CON,M49-CON-007,"I can explain the geometric definitions of circles, ellipses, and hyperbolas using foci and distance relationships.",explain,ambiguous,2. Understanding; 5. Evaluating,2,Understanding,source-consistent,no,"demonstrates meaning, classification, or relationships among representations"
M49,M49-CON,M49-CON-008,I can explain a parabola as the set of points equidistant from a focus and directrix.,explain,ambiguous,2. Understanding; 5. Evaluating,2,Understanding,source-consistent,no,"demonstrates meaning, classification, or relationships among representations"
